epoch,time,train/box_loss,train/cls_loss,train/dfl_loss,metrics/precision(B),metrics/recall(B),metrics/mAP50(B),metrics/mAP50-95(B),val/box_loss,val/cls_loss,val/dfl_loss,lr/pg0,lr/pg1,lr/pg2
1,151.238,5.51391,5.52042,4.18052,0.00016,0.00199,8e-05,2e-05,5.67951,14.2331,6.13442,0.0701111,0.00332099,0.00332099
2,296.119,3.64165,3.37117,2.00884,0.05255,0.08651,0.04304,0.01598,2.93157,2.69262,1.3524,0.0400946,0.00663785,0.00663785
3,440.025,2.76452,2.58912,1.33717,0.0561,0.13047,0.06276,0.02737,2.50314,2.32222,1.23398,0.0100617,0.00993822,0.00993822
4,583.11,2.43048,2.25848,1.22056,0.20346,0.11766,0.0769,0.03563,2.22347,1.96437,1.14607,0.00992575,0.00992575,0.00992575
5,726.187,2.23421,2.03427,1.15421,0.23363,0.13003,0.09366,0.04554,2.08877,1.79864,1.09419,0.009901,0.009901,0.009901
6,868.724,2.12194,1.9062,1.11809,0.25992,0.13752,0.1009,0.05069,1.99073,1.71083,1.07944,0.00987625,0.00987625,0.00987625
7,1011.28,2.04572,1.81363,1.09638,0.2713,0.12293,0.10151,0.0508,2.0179,1.74449,1.06539,0.0098515,0.0098515,0.0098515
8,1153.67,1.99288,1.74873,1.07647,0.27326,0.15747,0.12509,0.06448,1.86616,1.57865,1.04233,0.00982675,0.00982675,0.00982675
9,1296.78,1.94856,1.68304,1.06153,0.2136,0.17131,0.12946,0.06879,1.85662,1.57123,1.02697,0.009802,0.009802,0.009802
10,1439.37,1.90047,1.62923,1.05107,0.23914,0.17833,0.14053,0.07332,1.79983,1.53708,1.01774,0.00977725,0.00977725,0.00977725
11,1581.75,1.87995,1.61818,1.04576,0.21481,0.18827,0.14626,0.0771,1.78643,1.47049,1.01285,0.0097525,0.0097525,0.0097525
12,1724.08,1.85212,1.5788,1.03714,0.21854,0.18537,0.14845,0.07841,1.76612,1.44647,1.00858,0.00972775,0.00972775,0.00972775
13,1866.54,1.83527,1.55248,1.03174,0.20877,0.19459,0.1489,0.07986,1.7419,1.42205,0.99876,0.009703,0.009703,0.009703
14,2008.24,1.81432,1.52569,1.02732,0.24634,0.20345,0.16174,0.08724,1.70454,1.41763,0.99291,0.00967825,0.00967825,0.00967825
15,2150.74,1.80434,1.50254,1.01846,0.24244,0.19871,0.16106,0.08837,1.70164,1.40384,0.99005,0.0096535,0.0096535,0.0096535
16,2293.29,1.77928,1.48411,1.01627,0.26278,0.19963,0.1712,0.09291,1.69322,1.38755,0.9842,0.00962875,0.00962875,0.00962875
17,2435.9,1.76997,1.47265,1.01114,0.34495,0.19493,0.16555,0.08994,1.67916,1.37995,0.98773,0.009604,0.009604,0.009604
18,2578.48,1.76027,1.45806,1.00918,0.27141,0.21143,0.18032,0.09784,1.67141,1.35196,0.98161,0.00957925,0.00957925,0.00957925
19,2721.38,1.73733,1.42976,1.00176,0.26452,0.2061,0.17812,0.09773,1.675,1.36713,0.97895,0.0095545,0.0095545,0.0095545
20,2863.25,1.72425,1.41417,1.00105,0.27352,0.2172,0.18657,0.10233,1.64723,1.33639,0.97751,0.00952975,0.00952975,0.00952975
21,3005.72,1.71768,1.40217,0.99851,0.26947,0.21274,0.18802,0.10253,1.6375,1.32869,0.97246,0.009505,0.009505,0.009505
22,3148.28,1.718,1.40292,0.9989,0.37888,0.21206,0.19033,0.10349,1.63385,1.3156,0.97481,0.00948025,0.00948025,0.00948025
23,3290.8,1.70567,1.38919,0.99311,0.2846,0.22421,0.19489,0.10528,1.62602,1.31055,0.97052,0.0094555,0.0094555,0.0094555
24,3432.92,1.69455,1.37476,0.99208,0.27384,0.22037,0.19399,0.10748,1.62619,1.3081,0.96748,0.00943075,0.00943075,0.00943075
25,3575.38,1.68325,1.36446,0.99009,0.29529,0.22812,0.20385,0.11341,1.59196,1.28877,0.96162,0.009406,0.009406,0.009406
26,3717.55,1.67799,1.35745,0.98715,0.28825,0.22546,0.20055,0.11127,1.60628,1.2965,0.96107,0.00938125,0.00938125,0.00938125
27,3859.49,1.67489,1.35246,0.98571,0.29537,0.23122,0.20957,0.11559,1.60089,1.29591,0.96202,0.0093565,0.0093565,0.0093565
28,4002.41,1.6547,1.32453,0.98256,0.29272,0.21852,0.2043,0.11293,1.60109,1.29242,0.9662,0.00933175,0.00933175,0.00933175
29,4144.04,1.64672,1.3234,0.98068,0.30915,0.22287,0.20688,0.11475,1.58208,1.28343,0.96114,0.009307,0.009307,0.009307
30,4286.36,1.64667,1.32175,0.97927,0.30864,0.22931,0.21074,0.11606,1.57447,1.27582,0.95473,0.00928225,0.00928225,0.00928225
31,4427.92,1.6392,1.31253,0.9756,0.32332,0.23382,0.21447,0.11721,1.57765,1.26248,0.96028,0.0092575,0.0092575,0.0092575
32,4569.97,1.62919,1.30514,0.97669,0.3023,0.23108,0.21535,0.11874,1.57193,1.26049,0.95618,0.00923275,0.00923275,0.00923275
33,4712.12,1.63034,1.29858,0.97582,0.30523,0.22972,0.21304,0.11891,1.56447,1.26753,0.95472,0.009208,0.009208,0.009208
34,4854.4,1.63073,1.29341,0.97407,0.31418,0.22346,0.21429,0.12077,1.56685,1.2651,0.95206,0.00918325,0.00918325,0.00918325
35,4996.69,1.61301,1.27847,0.97124,0.31241,0.23591,0.21921,0.12212,1.55775,1.25679,0.95096,0.0091585,0.0091585,0.0091585
36,5139.15,1.61553,1.28351,0.97135,0.31109,0.23149,0.22247,0.12403,1.5586,1.25674,0.95346,0.00913375,0.00913375,0.00913375
37,5281.11,1.60787,1.27305,0.97067,0.33027,0.2406,0.22823,0.1273,1.54126,1.23683,0.95068,0.009109,0.009109,0.009109
38,5423.31,1.60061,1.26417,0.96938,0.31779,0.24127,0.22278,0.12427,1.54389,1.2456,0.94665,0.00908425,0.00908425,0.00908425
39,5565.18,1.61802,1.27768,0.96937,0.31715,0.2386,0.22504,0.12547,1.54502,1.2471,0.94899,0.0090595,0.0090595,0.0090595
40,5707.29,1.58824,1.25175,0.96774,0.32532,0.23599,0.22422,0.12619,1.53348,1.23197,0.94541,0.00903475,0.00903475,0.00903475
41,5848.74,1.59357,1.25152,0.96451,0.32888,0.2448,0.2334,0.12981,1.52742,1.22745,0.9452,0.00901,0.00901,0.00901
42,5990.96,1.58982,1.24734,0.96171,0.33229,0.24138,0.22904,0.12811,1.53331,1.2321,0.94364,0.00898525,0.00898525,0.00898525
43,6132.68,1.58889,1.25105,0.96416,0.32413,0.24434,0.23099,0.12798,1.53229,1.23967,0.94499,0.0089605,0.0089605,0.0089605
44,6274.77,1.57614,1.23668,0.9614,0.32939,0.24386,0.22854,0.12842,1.52384,1.22535,0.94342,0.00893575,0.00893575,0.00893575
45,6416.92,1.57539,1.23516,0.96083,0.33143,0.24358,0.23008,0.12942,1.52226,1.23325,0.94253,0.008911,0.008911,0.008911
46,6558.84,1.57306,1.22829,0.96102,0.31578,0.24445,0.23451,0.13064,1.50981,1.21149,0.93972,0.00888625,0.00888625,0.00888625
47,6701.48,1.56532,1.22258,0.95787,0.32484,0.24895,0.23597,0.13167,1.51024,1.21705,0.93944,0.0088615,0.0088615,0.0088615
48,6843.52,1.56805,1.21923,0.9598,0.32579,0.24233,0.23473,0.12984,1.51569,1.21406,0.93941,0.00883675,0.00883675,0.00883675
49,6985.56,1.56261,1.22004,0.95757,0.33372,0.24235,0.23633,0.13182,1.50987,1.21855,0.93868,0.008812,0.008812,0.008812
50,7128.32,1.56416,1.21484,0.95743,0.33833,0.24681,0.2395,0.13437,1.50734,1.21846,0.93644,0.00878725,0.00878725,0.00878725
51,7271.19,1.56808,1.21941,0.958,0.33139,0.24921,0.2381,0.13463,1.50267,1.20687,0.93689,0.0087625,0.0087625,0.0087625
52,7413.61,1.55137,1.20142,0.95543,0.34108,0.25079,0.24195,0.1351,1.50295,1.21201,0.93636,0.00873775,0.00873775,0.00873775
53,7556.38,1.55913,1.21076,0.95518,0.35315,0.24915,0.2437,0.13608,1.50103,1.21663,0.93758,0.008713,0.008713,0.008713
54,7698.86,1.55391,1.19985,0.9538,0.35212,0.25378,0.244,0.13836,1.49108,1.19639,0.93473,0.00868825,0.00868825,0.00868825
55,7840.94,1.5489,1.19665,0.95351,0.34952,0.25397,0.24545,0.13842,1.48956,1.201,0.93237,0.0086635,0.0086635,0.0086635
56,7983.36,1.54936,1.19638,0.95495,0.33382,0.25487,0.24294,0.13642,1.49229,1.20185,0.93469,0.00863875,0.00863875,0.00863875
57,8125.06,1.54629,1.19652,0.95341,0.34783,0.25592,0.24483,0.13741,1.48638,1.20501,0.9323,0.008614,0.008614,0.008614
58,8267.06,1.54659,1.19328,0.95091,0.35376,0.25812,0.24914,0.14022,1.48484,1.18852,0.93108,0.00858925,0.00858925,0.00858925
59,8409.34,1.54515,1.19667,0.95216,0.34515,0.26012,0.2464,0.13923,1.48366,1.19536,0.93099,0.0085645,0.0085645,0.0085645
60,8551.78,1.54015,1.18537,0.95135,0.3483,0.2553,0.24788,0.13956,1.48555,1.19638,0.93236,0.00853975,0.00853975,0.00853975
61,8694.35,1.53688,1.18649,0.95094,0.35229,0.25411,0.24728,0.14179,1.47719,1.18963,0.93103,0.008515,0.008515,0.008515
62,8836.41,1.52749,1.17704,0.94951,0.34956,0.25525,0.24703,0.1407,1.47552,1.19245,0.92982,0.00849025,0.00849025,0.00849025
63,8978.9,1.52933,1.17723,0.94872,0.34927,0.25841,0.24593,0.14051,1.47982,1.18261,0.92986,0.0084655,0.0084655,0.0084655
64,9120.79,1.53239,1.17968,0.94961,0.34681,0.25829,0.24889,0.14057,1.4778,1.18817,0.93,0.00844075,0.00844075,0.00844075
65,9262.94,1.52114,1.16743,0.9481,0.36252,0.25664,0.25326,0.14447,1.47604,1.18475,0.93003,0.008416,0.008416,0.008416
66,9405.87,1.51689,1.15833,0.94754,0.35026,0.25742,0.24975,0.14195,1.47432,1.19213,0.93051,0.00839125,0.00839125,0.00839125
67,9548.79,1.52155,1.16479,0.94709,0.35772,0.26144,0.25167,0.1439,1.46867,1.18515,0.92857,0.0083665,0.0083665,0.0083665
68,9691.88,1.51416,1.15622,0.94451,0.36417,0.26439,0.25493,0.14428,1.46872,1.18105,0.92794,0.00834175,0.00834175,0.00834175
69,9834.73,1.51414,1.15801,0.94389,0.35532,0.26537,0.25612,0.14608,1.465,1.17381,0.92742,0.008317,0.008317,0.008317
70,9978.32,1.51559,1.15893,0.94533,0.35883,0.26219,0.25093,0.14296,1.46408,1.18298,0.92727,0.00829225,0.00829225,0.00829225
71,10121,1.51004,1.15024,0.9454,0.36468,0.26298,0.2548,0.14471,1.46413,1.17232,0.92678,0.0082675,0.0082675,0.0082675
72,10264.5,1.5102,1.14933,0.94348,0.36257,0.26326,0.25526,0.14564,1.46332,1.17784,0.9262,0.00824275,0.00824275,0.00824275
73,10407.6,1.50943,1.14838,0.94383,0.36276,0.26227,0.25496,0.14597,1.46014,1.17901,0.92522,0.008218,0.008218,0.008218
74,10550,1.50704,1.14875,0.94313,0.36712,0.26495,0.25688,0.147,1.45988,1.17177,0.92598,0.00819325,0.00819325,0.00819325
75,10693.3,1.50564,1.14634,0.94389,0.36148,0.2622,0.25562,0.14721,1.45869,1.1831,0.92547,0.0081685,0.0081685,0.0081685
76,10836.7,1.50525,1.14033,0.94369,0.36425,0.26348,0.25726,0.14779,1.45795,1.16874,0.92573,0.00814375,0.00814375,0.00814375
77,10979.5,1.50507,1.14108,0.94384,0.37329,0.26399,0.25908,0.14819,1.45999,1.17291,0.92638,0.008119,0.008119,0.008119
78,11122,1.49874,1.13994,0.94213,0.37046,0.26559,0.25853,0.14925,1.45334,1.16494,0.92417,0.00809425,0.00809425,0.00809425
79,11264.9,1.50061,1.14212,0.94243,0.38244,0.26707,0.26315,0.15093,1.44808,1.15419,0.92385,0.0080695,0.0080695,0.0080695
80,11407.9,1.5083,1.14154,0.9422,0.38048,0.27079,0.2632,0.15199,1.4516,1.16101,0.92449,0.00804475,0.00804475,0.00804475
81,11550.9,1.49481,1.13027,0.94133,0.37371,0.26801,0.26323,0.15226,1.45087,1.15347,0.92478,0.00802,0.00802,0.00802
82,11694.3,1.49951,1.13051,0.9405,0.36591,0.27021,0.26135,0.1513,1.44875,1.16382,0.92387,0.00799525,0.00799525,0.00799525
83,11838.2,1.49032,1.12614,0.93935,0.37127,0.27263,0.2645,0.15266,1.4475,1.16259,0.92384,0.0079705,0.0079705,0.0079705
84,11981.8,1.49845,1.12928,0.94003,0.37232,0.26925,0.26521,0.15307,1.44686,1.15921,0.92292,0.00794575,0.00794575,0.00794575
85,12125.7,1.48495,1.12355,0.93632,0.37294,0.27188,0.26482,0.15296,1.443,1.15078,0.92277,0.007921,0.007921,0.007921
86,12269.8,1.49323,1.12755,0.93897,0.37829,0.2708,0.26612,0.15496,1.44321,1.14879,0.92253,0.00789625,0.00789625,0.00789625
87,12414.2,1.48699,1.1233,0.9397,0.37801,0.27217,0.26608,0.15354,1.44096,1.15164,0.92186,0.0078715,0.0078715,0.0078715
88,12557.7,1.49015,1.12203,0.9403,0.37536,0.27116,0.26592,0.15448,1.44352,1.15194,0.92334,0.00784675,0.00784675,0.00784675
89,12701.5,1.48968,1.12602,0.93866,0.37967,0.27533,0.2685,0.15503,1.43999,1.14966,0.92243,0.007822,0.007822,0.007822
90,12845.4,1.47856,1.11426,0.93858,0.38257,0.27724,0.27094,0.15661,1.43519,1.1429,0.921,0.00779725,0.00779725,0.00779725
91,12989.5,1.48408,1.11673,0.93832,0.38554,0.27533,0.26962,0.1561,1.43673,1.14157,0.92106,0.0077725,0.0077725,0.0077725
92,13132.9,1.48127,1.11492,0.93658,0.3846,0.27682,0.27043,0.1568,1.43593,1.14067,0.92086,0.00774775,0.00774775,0.00774775
93,13276.7,1.47582,1.11351,0.93668,0.3922,0.27786,0.27342,0.1581,1.43297,1.13827,0.92033,0.007723,0.007723,0.007723
94,13421.3,1.4826,1.11305,0.93718,0.39217,0.27982,0.27116,0.15613,1.43385,1.14312,0.92088,0.00769825,0.00769825,0.00769825
95,13564.9,1.46892,1.10224,0.93367,0.38724,0.27707,0.27039,0.15603,1.43364,1.14545,0.92067,0.0076735,0.0076735,0.0076735
96,13708.4,1.47393,1.10791,0.93657,0.38508,0.27627,0.27116,0.15659,1.43195,1.14207,0.91971,0.00764875,0.00764875,0.00764875
97,13852.3,1.47318,1.10046,0.93696,0.38888,0.27834,0.27336,0.15779,1.429,1.13608,0.91957,0.007624,0.007624,0.007624
98,13996.1,1.47015,1.09742,0.93289,0.38516,0.27739,0.27275,0.15845,1.42908,1.13832,0.91932,0.00759925,0.00759925,0.00759925
99,14140.4,1.47084,1.10182,0.93458,0.39042,0.27874,0.27332,0.1588,1.42748,1.14,0.9189,0.0075745,0.0075745,0.0075745
100,14284.3,1.47323,1.09967,0.93292,0.38953,0.27928,0.27312,0.15856,1.42757,1.14108,0.91912,0.00754975,0.00754975,0.00754975
101,14427.7,1.46517,1.09221,0.93308,0.38715,0.27773,0.27302,0.15895,1.42491,1.13919,0.91836,0.007525,0.007525,0.007525
102,14571.5,1.46517,1.09157,0.93245,0.38766,0.27836,0.27325,0.15877,1.42398,1.13753,0.91834,0.00750025,0.00750025,0.00750025
103,14715,1.46478,1.09302,0.93175,0.38093,0.28139,0.27355,0.15841,1.42222,1.13042,0.91815,0.0074755,0.0074755,0.0074755
104,14857.9,1.46517,1.09354,0.93416,0.38417,0.28206,0.27335,0.15893,1.42305,1.13425,0.91838,0.00745075,0.00745075,0.00745075
105,15001.9,1.4646,1.09301,0.93349,0.38649,0.27998,0.27295,0.15865,1.42151,1.13479,0.91856,0.007426,0.007426,0.007426
106,15145.1,1.4645,1.09165,0.93166,0.38697,0.28343,0.27403,0.15966,1.41953,1.1328,0.91832,0.00740125,0.00740125,0.00740125
107,15289.2,1.4639,1.08727,0.93262,0.38661,0.28139,0.27603,0.1604,1.42141,1.13269,0.91844,0.0073765,0.0073765,0.0073765
108,15432.7,1.45573,1.09003,0.93227,0.39266,0.2828,0.27619,0.16092,1.41846,1.1293,0.91788,0.00735175,0.00735175,0.00735175
109,15576.9,1.45896,1.08105,0.93241,0.38751,0.28481,0.27635,0.16091,1.41867,1.12681,0.91804,0.007327,0.007327,0.007327
110,15720.4,1.45395,1.07772,0.92967,0.38587,0.28552,0.27742,0.16178,1.41594,1.12376,0.9179,0.00730225,0.00730225,0.00730225
111,15864.5,1.45634,1.08145,0.93125,0.3848,0.28672,0.27704,0.16156,1.4149,1.12483,0.91755,0.0072775,0.0072775,0.0072775
112,16007.8,1.45177,1.07932,0.9295,0.38386,0.28605,0.2777,0.16145,1.41443,1.12508,0.91755,0.00725275,0.00725275,0.00725275
113,16151.5,1.46116,1.08572,0.9318,0.38559,0.28609,0.27884,0.16224,1.41444,1.12461,0.91764,0.007228,0.007228,0.007228
114,16295.1,1.4525,1.07869,0.9296,0.38781,0.28326,0.27935,0.16271,1.41219,1.12202,0.91701,0.00720325,0.00720325,0.00720325
115,16438.5,1.45172,1.07321,0.92924,0.39019,0.28452,0.28077,0.16361,1.41134,1.12146,0.91617,0.0071785,0.0071785,0.0071785
116,16581.9,1.44973,1.07075,0.92786,0.38801,0.28633,0.28064,0.16335,1.41025,1.12043,0.91579,0.00715375,0.00715375,0.00715375
117,16724.7,1.45055,1.07694,0.93111,0.39434,0.28388,0.28095,0.16365,1.4095,1.12,0.91596,0.007129,0.007129,0.007129
118,16868,1.452,1.07961,0.93034,0.39117,0.28611,0.2812,0.16366,1.41035,1.12182,0.91597,0.00710425,0.00710425,0.00710425
119,17011.7,1.45106,1.07467,0.92836,0.39033,0.28707,0.28094,0.1637,1.40956,1.11942,0.91557,0.0070795,0.0070795,0.0070795
120,17155.3,1.44425,1.06506,0.92786,0.39036,0.28768,0.28041,0.16383,1.40828,1.11971,0.91542,0.00705475,0.00705475,0.00705475
121,17299,1.44701,1.06806,0.9281,0.38995,0.28848,0.28107,0.16444,1.40679,1.11857,0.91542,0.00703,0.00703,0.00703
122,17442.8,1.44574,1.06755,0.92852,0.38956,0.28937,0.28064,0.16441,1.40634,1.11832,0.91517,0.00700525,0.00700525,0.00700525
123,17586,1.44603,1.069,0.92823,0.39165,0.28924,0.28005,0.16431,1.40716,1.12023,0.91514,0.0069805,0.0069805,0.0069805
124,17729.6,1.44014,1.06259,0.9252,0.39234,0.28852,0.28127,0.1646,1.40725,1.11906,0.91522,0.00695575,0.00695575,0.00695575
125,17873.2,1.44194,1.06221,0.92687,0.39245,0.2899,0.28193,0.16477,1.40718,1.11809,0.91512,0.006931,0.006931,0.006931
126,18016.9,1.44191,1.06407,0.92705,0.39406,0.28857,0.28156,0.16442,1.4062,1.11798,0.91488,0.00690625,0.00690625,0.00690625
127,18160.2,1.44625,1.06457,0.92675,0.39507,0.28828,0.28203,0.16495,1.406,1.11674,0.91476,0.0068815,0.0068815,0.0068815
128,18304.4,1.43392,1.05296,0.92474,0.39419,0.28713,0.2816,0.16448,1.40517,1.11722,0.91453,0.00685675,0.00685675,0.00685675
129,18447.2,1.44509,1.06351,0.92773,0.39152,0.28748,0.28186,0.16465,1.40452,1.11757,0.91432,0.006832,0.006832,0.006832
130,18591.2,1.43698,1.05502,0.92575,0.39752,0.28537,0.28158,0.16487,1.4035,1.11636,0.91419,0.00680725,0.00680725,0.00680725
131,18735.1,1.44413,1.06122,0.92534,0.39408,0.2843,0.28165,0.16492,1.40354,1.11596,0.91401,0.0067825,0.0067825,0.0067825
132,18879.1,1.44279,1.05634,0.92715,0.39534,0.28576,0.2815,0.16488,1.40344,1.11458,0.91427,0.00675775,0.00675775,0.00675775
133,19022.8,1.43238,1.05062,0.92595,0.39295,0.2865,0.28187,0.1649,1.40414,1.11385,0.91419,0.006733,0.006733,0.006733
134,19166.9,1.44027,1.0543,0.92499,0.39142,0.2878,0.28197,0.16521,1.40433,1.11289,0.91432,0.00670825,0.00670825,0.00670825
135,19310.7,1.43522,1.05671,0.92611,0.3911,0.28971,0.28219,0.165,1.40401,1.11189,0.91409,0.0066835,0.0066835,0.0066835
136,19453.9,1.435,1.05466,0.92605,0.39209,0.28976,0.28296,0.16563,1.40379,1.11175,0.91411,0.00665875,0.00665875,0.00665875
137,19597.1,1.43172,1.04774,0.92582,0.39052,0.29003,0.2838,0.16593,1.40355,1.1105,0.91398,0.006634,0.006634,0.006634
138,19739.9,1.43236,1.04437,0.92499,0.38986,0.28975,0.28373,0.16565,1.40329,1.11026,0.91399,0.00660925,0.00660925,0.00660925
139,19882.5,1.43551,1.05209,0.92685,0.39179,0.28879,0.28351,0.16589,1.40317,1.11069,0.91387,0.0065845,0.0065845,0.0065845
140,20026.1,1.43091,1.05187,0.92534,0.38765,0.29129,0.28352,0.1659,1.40331,1.11045,0.91388,0.00655975,0.00655975,0.00655975
141,20169.9,1.43042,1.04509,0.92396,0.38937,0.29207,0.28407,0.16618,1.40268,1.10997,0.91384,0.006535,0.006535,0.006535
142,20313.3,1.4288,1.04664,0.92315,0.3921,0.29204,0.28478,0.16659,1.40213,1.1085,0.91372,0.00651025,0.00651025,0.00651025
143,20456.8,1.42301,1.04324,0.92338,0.38875,0.29295,0.28503,0.16675,1.40217,1.10838,0.91378,0.0064855,0.0064855,0.0064855
144,20600.4,1.42322,1.04099,0.9232,0.39024,0.29352,0.28539,0.16687,1.40131,1.10742,0.91362,0.00646075,0.00646075,0.00646075
145,20743.3,1.42961,1.0432,0.92496,0.38947,0.29377,0.28543,0.16703,1.40081,1.10648,0.91346,0.006436,0.006436,0.006436
146,20886.4,1.41895,1.04085,0.9232,0.38898,0.29333,0.28593,0.16715,1.40033,1.10646,0.91321,0.00641125,0.00641125,0.00641125
147,21029.8,1.42451,1.04152,0.92314,0.38773,0.29448,0.28588,0.16731,1.39943,1.10535,0.91297,0.0063865,0.0063865,0.0063865
148,21173.3,1.42148,1.0352,0.92213,0.38691,0.29529,0.28638,0.16752,1.39867,1.10488,0.9128,0.00636175,0.00636175,0.00636175
149,21316.6,1.42582,1.03823,0.9233,0.3876,0.29459,0.28654,0.16763,1.39847,1.10517,0.91277,0.006337,0.006337,0.006337
150,21460.2,1.42688,1.04156,0.92157,0.39012,0.29374,0.28686,0.16791,1.39769,1.10517,0.91259,0.00631225,0.00631225,0.00631225
151,21604.6,1.41904,1.03259,0.9207,0.38914,0.29377,0.28696,0.168,1.39748,1.10444,0.91251,0.0062875,0.0062875,0.0062875
152,21749.2,1.4288,1.04207,0.92346,0.39225,0.29398,0.28727,0.16817,1.39701,1.10367,0.91243,0.00626275,0.00626275,0.00626275
153,21893.1,1.41651,1.0306,0.92042,0.3926,0.29433,0.28754,0.16836,1.39627,1.10311,0.91229,0.006238,0.006238,0.006238
154,22037.3,1.41133,1.02864,0.92171,0.39469,0.29573,0.28832,0.16864,1.39582,1.10289,0.91215,0.00621325,0.00621325,0.00621325
155,22181.1,1.42232,1.03539,0.92387,0.39242,0.29635,0.28821,0.16868,1.39526,1.10297,0.91198,0.0061885,0.0061885,0.0061885
156,22324.5,1.41586,1.02818,0.92177,0.39436,0.29566,0.28839,0.16885,1.39512,1.10241,0.91202,0.00616375,0.00616375,0.00616375
157,22467.9,1.42112,1.03382,0.92223,0.39451,0.29425,0.2883,0.16898,1.395,1.10242,0.91194,0.006139,0.006139,0.006139
158,22611.4,1.41575,1.03006,0.92237,0.39546,0.29472,0.28887,0.16945,1.3948,1.10204,0.91194,0.00611425,0.00611425,0.00611425
159,22754.6,1.42001,1.03724,0.92032,0.39318,0.29604,0.28916,0.16955,1.39422,1.10104,0.91178,0.0060895,0.0060895,0.0060895
160,22897.6,1.41168,1.02435,0.921,0.39268,0.29641,0.28961,0.16981,1.39401,1.10049,0.91166,0.00606475,0.00606475,0.00606475
161,23041.6,1.41177,1.0246,0.91972,0.39335,0.29733,0.28984,0.16983,1.39398,1.10029,0.91164,0.00604,0.00604,0.00604
162,23185.1,1.40989,1.01911,0.91839,0.39354,0.29825,0.28979,0.16969,1.39381,1.09985,0.91153,0.00601525,0.00601525,0.00601525
163,23327.6,1.40872,1.02257,0.92049,0.39421,0.2972,0.28977,0.16987,1.39337,1.09959,0.9114,0.0059905,0.0059905,0.0059905
164,23470.6,1.39766,1.01315,0.91765,0.39571,0.29654,0.28974,0.16978,1.39313,1.09914,0.91133,0.00596575,0.00596575,0.00596575
165,23613,1.39429,1.01116,0.91773,0.3966,0.29698,0.28984,0.16981,1.39265,1.09902,0.91123,0.005941,0.005941,0.005941
166,23756.2,1.40583,1.01819,0.91847,0.40154,0.29548,0.2902,0.16998,1.39236,1.09884,0.91108,0.00591625,0.00591625,0.00591625
167,23899.5,1.41611,1.02472,0.91928,0.40057,0.29703,0.29056,0.16995,1.39234,1.09883,0.91108,0.0058915,0.0058915,0.0058915
168,24043.2,1.40918,1.0185,0.91982,0.4001,0.2971,0.29071,0.17013,1.39235,1.09884,0.91109,0.00586675,0.00586675,0.00586675
169,24186.3,1.4003,1.01347,0.9182,0.40008,0.29698,0.29085,0.17029,1.39203,1.09828,0.91097,0.005842,0.005842,0.005842
170,24330,1.4016,1.01391,0.91845,0.39713,0.29818,0.29106,0.17043,1.39182,1.0978,0.91096,0.00581725,0.00581725,0.00581725
171,24473.1,1.4054,1.01718,0.91996,0.3975,0.29895,0.29139,0.17044,1.39141,1.09747,0.9109,0.0057925,0.0057925,0.0057925
172,24616.9,1.40194,1.01077,0.91722,0.39822,0.29946,0.29163,0.17057,1.39113,1.09702,0.91087,0.00576775,0.00576775,0.00576775
173,24760.3,1.3968,1.00829,0.91696,0.39715,0.29956,0.29189,0.17072,1.39063,1.0965,0.91076,0.005743,0.005743,0.005743
174,24904.2,1.40518,1.01049,0.91739,0.39608,0.3005,0.29245,0.17077,1.39052,1.0965,0.91071,0.00571825,0.00571825,0.00571825
175,25047.4,1.40307,1.01184,0.92,0.3957,0.30083,0.29262,0.1708,1.39042,1.0962,0.91069,0.0056935,0.0056935,0.0056935
176,25191.3,1.39324,1.00685,0.91552,0.3985,0.29992,0.29289,0.17089,1.39013,1.09592,0.91058,0.00566875,0.00566875,0.00566875
177,25334.5,1.40033,1.00677,0.91638,0.3964,0.30079,0.29299,0.171,1.39017,1.09563,0.91059,0.005644,0.005644,0.005644
178,25478.4,1.39165,1.0059,0.91637,0.39961,0.30016,0.29298,0.17098,1.3901,1.09537,0.91053,0.00561925,0.00561925,0.00561925
179,25621.4,1.39639,0.9979,0.91543,0.40029,0.30079,0.29327,0.17102,1.39,1.09526,0.91048,0.0055945,0.0055945,0.0055945
180,25764.7,1.39594,1.00444,0.91495,0.39826,0.30219,0.29365,0.17115,1.38979,1.09486,0.9104,0.00556975,0.00556975,0.00556975
181,25908.4,1.39254,1.00238,0.91628,0.39872,0.30247,0.29368,0.17123,1.38979,1.09466,0.91038,0.005545,0.005545,0.005545
182,26052.1,1.39773,1.00015,0.9155,0.40047,0.30164,0.29382,0.17129,1.38953,1.09426,0.91031,0.00552025,0.00552025,0.00552025
183,26196.3,1.39823,1.0022,0.9165,0.40073,0.30163,0.29404,0.17144,1.38936,1.09403,0.91029,0.0054955,0.0054955,0.0054955
184,26340.2,1.39284,1.00103,0.91657,0.40102,0.30164,0.29436,0.17159,1.38913,1.09383,0.91031,0.00547075,0.00547075,0.00547075
185,26483.3,1.3891,0.99917,0.91627,0.40038,0.3017,0.29434,0.17154,1.3889,1.09378,0.91029,0.005446,0.005446,0.005446
186,26625.9,1.39835,1.00496,0.91533,0.40004,0.30166,0.29445,0.17176,1.38875,1.09359,0.91027,0.00542125,0.00542125,0.00542125
187,26769.5,1.39603,1.00317,0.91746,0.39845,0.30296,0.29436,0.17177,1.38849,1.09337,0.91025,0.0053965,0.0053965,0.0053965
188,26912.9,1.39726,1.00044,0.91492,0.39853,0.30277,0.29446,0.17195,1.3885,1.09333,0.91025,0.00537175,0.00537175,0.00537175
189,27056.6,1.39039,0.99441,0.91426,0.39883,0.30293,0.29457,0.17208,1.38846,1.09335,0.91026,0.005347,0.005347,0.005347
190,27199.7,1.39006,0.99946,0.91663,0.39887,0.3026,0.29468,0.17216,1.38833,1.09332,0.91023,0.00532225,0.00532225,0.00532225
191,27343.3,1.38821,0.99374,0.91431,0.3983,0.30236,0.2948,0.17225,1.38827,1.09316,0.91026,0.0052975,0.0052975,0.0052975
192,27486.4,1.38402,0.99333,0.91427,0.39904,0.30251,0.29501,0.17223,1.38804,1.09303,0.91023,0.00527275,0.00527275,0.00527275
193,27629.3,1.38587,0.98827,0.91312,0.39851,0.30238,0.2951,0.17228,1.38798,1.093,0.91024,0.005248,0.005248,0.005248
194,27772.8,1.38924,0.99506,0.91378,0.39867,0.30265,0.29511,0.17235,1.38789,1.0929,0.91021,0.00522325,0.00522325,0.00522325
195,27916.5,1.38631,0.99096,0.91574,0.39897,0.30285,0.29522,0.17248,1.38786,1.09287,0.91019,0.0051985,0.0051985,0.0051985
196,28060.1,1.38378,0.98631,0.91403,0.39931,0.30302,0.29551,0.17249,1.38772,1.09265,0.91018,0.00517375,0.00517375,0.00517375
197,28203.6,1.38336,0.98717,0.91401,0.39956,0.3031,0.29557,0.17254,1.38758,1.09252,0.91016,0.005149,0.005149,0.005149
198,28346.9,1.38615,0.98793,0.91272,0.40047,0.30362,0.29604,0.17274,1.38747,1.0923,0.91015,0.00512425,0.00512425,0.00512425
199,28490.8,1.38079,0.98794,0.91285,0.40234,0.30203,0.29593,0.17273,1.38742,1.09216,0.91014,0.0050995,0.0050995,0.0050995
200,28633.9,1.38347,0.98748,0.9143,0.40261,0.30241,0.29601,0.17272,1.38732,1.09209,0.91011,0.00507475,0.00507475,0.00507475
201,28777.4,1.39238,0.99232,0.91433,0.4005,0.30312,0.29615,0.17269,1.38729,1.092,0.91009,0.00505,0.00505,0.00505
202,28920.4,1.38384,0.98712,0.91299,0.40106,0.30347,0.29628,0.17262,1.38723,1.09188,0.91008,0.00502525,0.00502525,0.00502525
203,29063.6,1.38045,0.98614,0.91231,0.40126,0.30364,0.29631,0.17268,1.38719,1.09174,0.91009,0.0050005,0.0050005,0.0050005
204,29206.7,1.38126,0.98675,0.91383,0.4016,0.30368,0.29646,0.17265,1.38724,1.09162,0.91013,0.00497575,0.00497575,0.00497575
205,29350,1.37824,0.98481,0.91056,0.402,0.30349,0.29654,0.1727,1.38717,1.0916,0.91012,0.004951,0.004951,0.004951
206,29493.1,1.37763,0.98271,0.9114,0.4018,0.30323,0.29661,0.1727,1.38703,1.09146,0.91009,0.00492625,0.00492625,0.00492625
207,29636.7,1.38006,0.98001,0.91248,0.40151,0.30332,0.29653,0.17269,1.387,1.09135,0.91008,0.0049015,0.0049015,0.0049015
208,29780.7,1.38198,0.98141,0.91385,0.4012,0.3034,0.29658,0.17277,1.38694,1.09131,0.91009,0.00487675,0.00487675,0.00487675
209,29924.5,1.36898,0.97757,0.91133,0.40059,0.30334,0.29675,0.17272,1.38686,1.09121,0.91004,0.004852,0.004852,0.004852
210,30067.8,1.37257,0.98027,0.91158,0.39878,0.3044,0.29685,0.17273,1.38685,1.09102,0.91002,0.00482725,0.00482725,0.00482725
211,30211.5,1.3784,0.9811,0.91163,0.39906,0.30425,0.29709,0.17293,1.38684,1.09094,0.91003,0.0048025,0.0048025,0.0048025
212,30354.7,1.38133,0.98363,0.91193,0.39949,0.30427,0.29708,0.17293,1.38685,1.09077,0.91003,0.00477775,0.00477775,0.00477775
213,30497.5,1.37094,0.97426,0.91136,0.39945,0.30402,0.29729,0.1731,1.38678,1.09067,0.91001,0.004753,0.004753,0.004753
214,30641.1,1.3827,0.98105,0.91146,0.39968,0.30433,0.29738,0.17309,1.38667,1.09049,0.90998,0.00472825,0.00472825,0.00472825
215,30784.1,1.3754,0.97681,0.91138,0.40003,0.30467,0.2974,0.17319,1.38657,1.09033,0.90995,0.0047035,0.0047035,0.0047035
216,30927.3,1.37255,0.97445,0.91206,0.40038,0.30465,0.29734,0.17311,1.38643,1.09016,0.90994,0.00467875,0.00467875,0.00467875
217,31070.6,1.37214,0.97165,0.91249,0.40065,0.30471,0.29731,0.17314,1.38637,1.09012,0.90992,0.004654,0.004654,0.004654
218,31213.2,1.37265,0.97137,0.91036,0.40049,0.30426,0.29733,0.17324,1.38631,1.08996,0.90992,0.00462925,0.00462925,0.00462925
219,31356.5,1.37581,0.97413,0.91121,0.40021,0.30401,0.29734,0.17326,1.38622,1.08983,0.9099,0.0046045,0.0046045,0.0046045
220,31499.7,1.36423,0.96498,0.90944,0.39817,0.30509,0.2975,0.17332,1.38619,1.08968,0.90991,0.00457975,0.00457975,0.00457975
221,31643.1,1.3754,0.97072,0.91056,0.39868,0.30585,0.29747,0.17333,1.38614,1.0896,0.90991,0.004555,0.004555,0.004555
222,31786.1,1.36797,0.96613,0.90952,0.40164,0.30519,0.29752,0.1734,1.38606,1.08946,0.90988,0.00453025,0.00453025,0.00453025
223,31929.7,1.37343,0.96937,0.90937,0.40141,0.30513,0.29745,0.17348,1.38594,1.08935,0.90985,0.0045055,0.0045055,0.0045055
224,32072.9,1.37178,0.96857,0.91028,0.4019,0.30512,0.29753,0.17361,1.38586,1.08924,0.90982,0.00448075,0.00448075,0.00448075
225,32216.9,1.36848,0.96776,0.90874,0.39956,0.30646,0.29756,0.17359,1.38583,1.08919,0.90979,0.004456,0.004456,0.004456
226,32360.6,1.36556,0.96963,0.91042,0.39999,0.30636,0.29757,0.17366,1.38577,1.08907,0.90977,0.00443125,0.00443125,0.00443125
227,32505.2,1.36368,0.96172,0.90914,0.39998,0.30626,0.29752,0.17356,1.38566,1.08895,0.90973,0.0044065,0.0044065,0.0044065
228,32648.5,1.36115,0.96495,0.90822,0.39992,0.30574,0.29741,0.17348,1.38561,1.08892,0.9097,0.00438175,0.00438175,0.00438175
229,32792.2,1.37217,0.96673,0.91006,0.40037,0.30581,0.29742,0.17363,1.38552,1.08884,0.90963,0.004357,0.004357,0.004357
230,32935.2,1.36486,0.96411,0.90954,0.40067,0.30594,0.29728,0.17356,1.38548,1.08873,0.90961,0.00433225,0.00433225,0.00433225
231,33078,1.36186,0.95954,0.90815,0.40099,0.30601,0.29725,0.17364,1.38536,1.08863,0.90961,0.0043075,0.0043075,0.0043075
232,33221.2,1.35853,0.95634,0.90725,0.40178,0.30588,0.29736,0.17375,1.38531,1.08852,0.90959,0.00428275,0.00428275,0.00428275
233,33364.9,1.36424,0.96085,0.90824,0.40195,0.30576,0.29738,0.17373,1.38525,1.08846,0.90956,0.004258,0.004258,0.004258
234,33508,1.36341,0.96082,0.90975,0.40173,0.30542,0.29733,0.17373,1.38512,1.08835,0.90954,0.00423325,0.00423325,0.00423325
235,33650.5,1.36078,0.96089,0.90929,0.40182,0.30547,0.29749,0.17384,1.38497,1.08827,0.9095,0.0042085,0.0042085,0.0042085
236,33793.8,1.36313,0.96027,0.90819,0.4022,0.30545,0.2976,0.17386,1.38489,1.08824,0.90946,0.00418375,0.00418375,0.00418375
237,33938,1.36868,0.95856,0.90731,0.40212,0.30528,0.29771,0.17384,1.38483,1.08819,0.90944,0.004159,0.004159,0.004159
238,34082.1,1.35948,0.95141,0.90796,0.40229,0.30527,0.29791,0.17376,1.38471,1.08808,0.90942,0.00413425,0.00413425,0.00413425
239,34225.5,1.36098,0.9554,0.90659,0.40254,0.30537,0.2978,0.1737,1.38464,1.08802,0.9094,0.0041095,0.0041095,0.0041095
240,34368.3,1.36314,0.95575,0.90995,0.40258,0.30536,0.298,0.17377,1.38457,1.08796,0.90937,0.00408475,0.00408475,0.00408475
241,34512.1,1.36333,0.95655,0.90771,0.40371,0.30568,0.29805,0.17381,1.38448,1.08788,0.90935,0.00406,0.00406,0.00406
242,34655.5,1.35159,0.95085,0.90654,0.40444,0.30603,0.29803,0.17387,1.38436,1.08777,0.90932,0.00403525,0.00403525,0.00403525
243,34799.1,1.36008,0.95455,0.90699,0.40234,0.30689,0.29821,0.17391,1.38432,1.08775,0.90931,0.0040105,0.0040105,0.0040105
244,34942.9,1.35898,0.95232,0.90665,0.40271,0.30676,0.29838,0.17401,1.38427,1.08767,0.9093,0.00398575,0.00398575,0.00398575
245,35086.6,1.3656,0.95853,0.90828,0.40344,0.30663,0.29851,0.17411,1.38424,1.08766,0.90927,0.003961,0.003961,0.003961
246,35230.5,1.35852,0.9515,0.90631,0.40434,0.30681,0.29858,0.17402,1.3842,1.08769,0.90926,0.00393625,0.00393625,0.00393625
247,35374.3,1.35157,0.94736,0.90688,0.40609,0.30581,0.29878,0.17403,1.38414,1.08764,0.90924,0.0039115,0.0039115,0.0039115
248,35518.6,1.36546,0.95552,0.90718,0.40721,0.30634,0.29884,0.17398,1.38408,1.08761,0.90921,0.00388675,0.00388675,0.00388675
249,35662.2,1.3527,0.94954,0.90692,0.40681,0.30809,0.29903,0.17407,1.38408,1.08763,0.90919,0.003862,0.003862,0.003862
250,35806.4,1.36185,0.9506,0.90663,0.4083,0.30692,0.29907,0.17406,1.38407,1.08762,0.90916,0.00383725,0.00383725,0.00383725
251,35950.2,1.35338,0.95056,0.90671,0.40886,0.30693,0.29913,0.17402,1.38402,1.08764,0.90912,0.0038125,0.0038125,0.0038125
252,36094.4,1.35301,0.94612,0.90588,0.40897,0.30701,0.2992,0.17414,1.38392,1.08761,0.90908,0.00378775,0.00378775,0.00378775
253,36238.4,1.35751,0.94739,0.90569,0.40951,0.30686,0.29943,0.17419,1.38386,1.08757,0.90906,0.003763,0.003763,0.003763
254,36382.5,1.34875,0.94451,0.90651,0.40933,0.30673,0.29949,0.17419,1.3838,1.08753,0.90903,0.00373825,0.00373825,0.00373825
255,36526.3,1.35162,0.94166,0.9054,0.40723,0.3074,0.29961,0.17429,1.38375,1.08754,0.90901,0.0037135,0.0037135,0.0037135
256,36670,1.34976,0.93973,0.90481,0.40756,0.30734,0.29971,0.17433,1.3837,1.08756,0.90899,0.00368875,0.00368875,0.00368875
257,36814.3,1.34974,0.94167,0.90633,0.40779,0.30716,0.29965,0.17437,1.38364,1.08759,0.90895,0.003664,0.003664,0.003664
258,36957.7,1.35052,0.94139,0.90629,0.40915,0.30586,0.29964,0.17438,1.38361,1.08758,0.90893,0.00363925,0.00363925,0.00363925
259,37102.1,1.35184,0.94042,0.90357,0.40921,0.3057,0.29964,0.1744,1.38355,1.08758,0.90891,0.0036145,0.0036145,0.0036145
260,37245.7,1.34856,0.93707,0.90387,0.40928,0.30575,0.29955,0.17433,1.38353,1.08764,0.9089,0.00358975,0.00358975,0.00358975
261,37389,1.34389,0.9319,0.9037,0.40977,0.30583,0.29962,0.17435,1.38347,1.08764,0.90889,0.003565,0.003565,0.003565
262,37532.5,1.34079,0.93094,0.90266,0.41037,0.30576,0.2998,0.17435,1.38339,1.08759,0.90887,0.00354025,0.00354025,0.00354025
263,37676,1.34051,0.93206,0.90402,0.41094,0.3059,0.29988,0.17434,1.38334,1.08761,0.90884,0.0035155,0.0035155,0.0035155
264,37819.2,1.34586,0.93684,0.90512,0.41153,0.30592,0.29994,0.17442,1.38326,1.08757,0.90883,0.00349075,0.00349075,0.00349075
265,37962.6,1.34868,0.93697,0.90496,0.41093,0.3053,0.30005,0.17435,1.38325,1.08759,0.90881,0.003466,0.003466,0.003466
266,38105.6,1.34024,0.93055,0.90238,0.4113,0.3053,0.3,0.17435,1.38322,1.08763,0.90879,0.00344125,0.00344125,0.00344125
267,38248.8,1.34824,0.93801,0.90515,0.41186,0.30542,0.30005,0.17432,1.3832,1.08764,0.90877,0.0034165,0.0034165,0.0034165
268,38392.3,1.34301,0.93475,0.90508,0.41157,0.30502,0.30002,0.1743,1.38313,1.08763,0.90875,0.00339175,0.00339175,0.00339175
269,38535.8,1.34078,0.9317,0.90237,0.41189,0.30506,0.30003,0.17443,1.38312,1.08764,0.90873,0.003367,0.003367,0.003367
270,38680.2,1.34334,0.93283,0.90262,0.41192,0.30492,0.30011,0.17446,1.38314,1.08768,0.90873,0.00334225,0.00334225,0.00334225
271,38824.5,1.34835,0.93552,0.90414,0.41159,0.30477,0.30023,0.17457,1.38311,1.08775,0.90871,0.0033175,0.0033175,0.0033175
272,38968.7,1.34006,0.93008,0.90255,0.41193,0.30474,0.30035,0.17459,1.38305,1.08778,0.9087,0.00329275,0.00329275,0.00329275
273,39112.9,1.34444,0.93267,0.90443,0.41264,0.30481,0.30039,0.17456,1.38304,1.08781,0.90868,0.003268,0.003268,0.003268
274,39256.1,1.34311,0.93447,0.90328,0.41087,0.30552,0.30037,0.17458,1.38298,1.08786,0.90864,0.00324325,0.00324325,0.00324325
275,39400,1.34382,0.9303,0.90408,0.41121,0.30542,0.3004,0.17461,1.38293,1.08788,0.90863,0.0032185,0.0032185,0.0032185
276,39543.7,1.34157,0.926,0.90389,0.41148,0.30543,0.30037,0.17459,1.38293,1.08791,0.90862,0.00319375,0.00319375,0.00319375
277,39687.2,1.3444,0.93188,0.90285,0.41206,0.30556,0.30069,0.17467,1.38291,1.08799,0.90862,0.003169,0.003169,0.003169
278,39830.8,1.33089,0.92235,0.90203,0.41456,0.3042,0.30074,0.17471,1.38291,1.08807,0.90862,0.00314425,0.00314425,0.00314425
279,39974.6,1.33485,0.92422,0.90352,0.41296,0.30531,0.30082,0.17472,1.38293,1.08813,0.90862,0.0031195,0.0031195,0.0031195
280,40119.3,1.34,0.92258,0.90187,0.41285,0.30502,0.30088,0.17474,1.38297,1.08819,0.90863,0.00309475,0.00309475,0.00309475
281,40263.8,1.33973,0.92656,0.90471,0.41356,0.30517,0.30101,0.17484,1.38299,1.08822,0.90864,0.00307,0.00307,0.00307
282,40408.1,1.32745,0.91443,0.90027,0.41405,0.30518,0.301,0.17484,1.38295,1.08821,0.90863,0.00304525,0.00304525,0.00304525
283,40552.9,1.33468,0.92013,0.90181,0.41412,0.30504,0.30093,0.17492,1.38294,1.08822,0.90864,0.0030205,0.0030205,0.0030205
284,40696.7,1.33295,0.92069,0.90083,0.41267,0.30573,0.30091,0.175,1.38297,1.08828,0.90864,0.00299575,0.00299575,0.00299575
285,40841.2,1.33783,0.92322,0.90261,0.41295,0.30563,0.30096,0.17502,1.38291,1.08829,0.90861,0.002971,0.002971,0.002971
286,40984.8,1.32963,0.9156,0.90184,0.41302,0.30548,0.30104,0.17508,1.38286,1.08833,0.90859,0.00294625,0.00294625,0.00294625
287,41128.3,1.33005,0.91391,0.9006,0.41303,0.30512,0.30107,0.1751,1.38282,1.08842,0.90856,0.0029215,0.0029215,0.0029215
288,41271.8,1.33248,0.91673,0.90153,0.41368,0.30473,0.30105,0.17524,1.38279,1.08846,0.90854,0.00289675,0.00289675,0.00289675
289,41415.3,1.33328,0.92008,0.90129,0.41377,0.30456,0.30108,0.17525,1.38279,1.08854,0.90852,0.002872,0.002872,0.002872
290,41558.8,1.33314,0.91868,0.90094,0.41397,0.30434,0.30118,0.1753,1.38279,1.08858,0.90848,0.00284725,0.00284725,0.00284725
291,41702,1.33107,0.91439,0.90031,0.41451,0.30429,0.30123,0.17535,1.38275,1.08861,0.90844,0.0028225,0.0028225,0.0028225
292,41845.4,1.32978,0.91308,0.9008,0.41294,0.30556,0.30128,0.17534,1.3827,1.08868,0.90842,0.00279775,0.00279775,0.00279775
293,41988.1,1.32626,0.91363,0.90237,0.41311,0.30518,0.30136,0.1754,1.38266,1.08873,0.90839,0.002773,0.002773,0.002773
294,42132.1,1.32876,0.91264,0.90202,0.41349,0.30489,0.30148,0.17537,1.38256,1.08875,0.90834,0.00274825,0.00274825,0.00274825
295,42275.2,1.32941,0.91263,0.89948,0.41397,0.30466,0.30151,0.17541,1.38249,1.08879,0.90831,0.0027235,0.0027235,0.0027235
296,42418.9,1.33155,0.91311,0.90109,0.41528,0.305,0.30163,0.17543,1.3824,1.08882,0.90826,0.00269875,0.00269875,0.00269875
297,42562.4,1.32545,0.90771,0.8994,0.41553,0.30476,0.30188,0.17545,1.38233,1.08882,0.90823,0.002674,0.002674,0.002674
298,42706.1,1.32898,0.91022,0.9004,0.41632,0.30497,0.30201,0.17552,1.38229,1.08883,0.90819,0.00264925,0.00264925,0.00264925
299,42849.2,1.33148,0.91526,0.90113,0.41337,0.30584,0.30197,0.1755,1.38221,1.08891,0.90815,0.0026245,0.0026245,0.0026245
300,42991.9,1.3225,0.90812,0.89933,0.41322,0.30577,0.30196,0.17544,1.38216,1.08899,0.90812,0.00259975,0.00259975,0.00259975
